count,x,y,class,predict
0,2.086143994488623,0.5740140074958984,1,1
1,1.8046094400452075,0.006959631923218967,1,1
2,-0.22711216737814266,0.5739096193212785,0,0
3,-0.25122569788537896,0.18768178945675693,1,0
4,0.4257441059437527,-0.41424665592738197,1,1
5,1.9246480954083622,0.4663313673773487,1,1
6,0.8696221143460081,0.5071540251616797,0,0
7,0.030889040218018457,0.9538394327808971,0,0
8,-0.7218692801278248,0.6759401687088467,0,0
9,0.6414324862414367,-0.6624975021843281,1,1
10,-1.2095339173337887,0.13326443728566426,0,0
11,0.09598541795351406,0.30060063955558375,1,0
12,1.6358763886497116,-0.6067391266692378,1,1
13,0.13352969553871102,0.67289942684165,0,0
14,0.060457872240845534,-0.042506244624378006,1,1
15,0.7547324512677409,0.3458810425861106,0,0
16,1.7701349361803578,0.16058934639931358,1,1
17,0.5447978123563461,0.6021505871586796,0,0
18,1.123010878128849,0.37541233031177246,0,1
19,0.642495780874353,0.5240362349093686,0,0
20,0.6601749685627883,0.3969440359218656,0,0
21,-0.8996532683216039,0.19761086672922168,0,0
22,-0.709397574045232,0.5893723465480161,0,0
23,-0.35167063921180053,0.9769045731686911,0,0
24,1.7301913423551185,-0.26030222556054955,1,1
25,1.6160554839458952,-0.27392149794288734,1,1
26,1.24544368708039,0.04896583451322911,0,1
27,1.0881253852883048,0.6801046588534478,0,0
28,1.0249621848379988,-0.32599290158177346,1,1
29,0.7851637452959914,0.15445175193917035,0,1
30,1.7518605655078612,-0.35134855573467144,1,1
31,0.9252575823125325,-0.2783827480628048,1,1
32,-0.032739286085213315,-0.1732918456033279,1,1
33,1.2868002810158912,-0.7546889640223007,1,1
34,-0.7582549642316121,0.5313399854667317,0,0
35,0.8188132688785755,-0.5419448910147691,1,1
36,1.8246060926884753,0.39548366924502476,1,1
37,-0.688108139033742,0.6499268287742443,0,0
38,1.8363208461289902,0.21429428521724828,1,1
39,-0.04936411241811603,0.9638839244638558,0,0
40,0.23248419850576324,1.262379663552473,0,0
41,1.7784084945908019,0.6208061859754535,1,0
42,0.3816244998185332,-0.15904943971159702,1,1
43,0.8323574223649333,-0.1255645210534349,1,1
44,-0.4594322980501654,1.3771522489584096,0,0
45,1.544819722179683,-0.25969775877972245,1,1
46,1.7204840505252024,-0.6297414638178663,1,1
47,0.46187251145031477,0.7580308477188272,0,0
48,-0.43508539765647813,0.895439599049794,0,0
49,0.3438975737442211,-0.33667030066509834,1,1
50,-0.21343503037705708,0.70887767910106,0,0
51,-0.4539068745216027,1.0451213946295974,0,0
52,-0.24330951849243698,0.7409564409414642,0,0
53,-0.8732803077861109,0.2520706919571082,0,0
54,1.4942026038475569,-0.16172036908386,1,1
55,0.3830194046640738,-0.1691631168700022,1,1
56,0.039647544672793966,1.0733010161429521,0,0
57,-0.2142123832517176,1.0015279607001708,0,0
58,2.3239903313567494,0.4464788573414763,1,1
59,-0.43294482611995594,0.8062519057134965,0,0
60,0.19583813949301268,0.27746001806941084,1,0
61,0.8294207971157374,-0.05043808737867475,1,1
62,0.6607556653235174,0.9615491096658448,0,0
63,0.6351736526331072,0.8244262594077051,0,0
64,-0.8148923472336649,0.5026630334010678,0,0
65,0.1134972879501257,0.9497119393649487,0,0
66,-0.3608068412106088,1.1214947798515258,0,0
67,0.30797356230481393,0.5012730836034348,1,0
68,-0.027125577884128747,0.8053992635875573,0,0
69,-0.1925095403110778,0.14546623209552545,1,0
70,1.0359215821296468,-0.7321803797841981,1,1
71,-0.44413455185174,1.206327764988945,0,0
72,1.0776015378733435,-0.16977288706761484,1,1
73,-0.09301859718631476,1.1136557562801626,0,0
74,1.7649036058682162,0.22305787527356735,1,1
75,-1.3171333389308804,0.5987647406398503,0,0
76,-0.6125620893463345,0.4189990603072946,0,0
77,1.3310488623831143,-0.44195788332291863,1,1
78,0.10868560929411201,-0.12003900446615418,1,1
79,0.4270870284468754,-0.7347112080859799,1,1
80,0.07575574011124851,0.9812000660825971,0,0
81,-1.1171641500264717,0.48182821896322237,0,0
82,-0.6903243820574243,0.7851123765380074,0,0
83,1.6539561618831928,0.3401774361274854,1,1
84,1.5791697509064364,0.028711928235135423,1,1
85,0.6666235614643512,-0.4291831192339785,1,1
86,0.33681813619156675,1.1747235994320158,0,0
87,0.10114323969463264,0.3570209301172777,1,0
88,-1.1752189404191353,0.011468288609996106,0,0
89,1.9993054280581555,-0.3533775587022579,1,1
90,-1.3031031458296432,0.43159415772395127,0,0
91,-0.9931037246673255,0.07373134250379326,0,0
92,1.9051744710646654,0.1696753878866043,1,1
93,-0.30840454126782524,1.0006315078612777,0,0
94,0.4030995858447614,-0.4325018484078909,1,1
95,-1.1766333404414402,0.2513811354034056,0,0
96,0.22864286968726708,-0.16621077198654932,1,1
97,1.0279525824376328,0.4523998635810511,0,0
98,-0.3761071523424698,0.8368544337745694,0,0
99,0.4016138652536405,-0.29778292712478166,1,1
100,1.44716157260996,-0.46712058891596325,1,1
101,1.4547233919974403,-0.3586989124181601,1,1
102,0.4220097895293136,0.41515976900883916,0,0
103,2.0756361777373717,-0.16751147086966914,1,1
104,-0.6168696912664108,1.1438536868123346,0,0
105,0.23922441499021196,0.10250059441178105,1,1
106,0.6220088720772569,-0.5846826267872249,1,1
107,1.3636534471789343,-0.1825417436098879,1,1
108,1.759333806771922,0.24234848031418493,1,1
109,0.2127873387401808,1.2750312671813786,0,0
110,0.8172193074264799,0.680893843761665,0,0
111,0.09732209828827904,-0.06935581738370868,1,1
112,-1.0351790872792614,0.3437526259766652,0,0
113,-0.0005765959454542557,0.4485952489009538,1,0
114,0.2092613765997777,0.8875015689242803,0,0
115,-0.9132588456999877,0.6452764764685658,0,0
116,0.13558779378843933,0.32883591815364577,1,0
117,-0.7959927509694038,0.6734667162583756,0,0
118,-0.9144320641271275,-0.08046630015484502,0,0
119,0.33360201385489535,0.5682434763080276,1,0
120,1.4588907762116907,-0.7697416097242313,1,1
121,1.4315013762568523,-0.36165321825295965,1,1
122,0.6312039354080414,0.6787733103454747,0,0
123,1.73842777142708,0.3221903154150153,1,1
124,1.4394364040710268,0.25119089913415205,0,1
125,1.6829897778460425,-0.3662133123206604,1,1
126,-0.2471711651899019,0.9950010056479324,0,0
127,-0.3115886935585691,0.9082795066366895,0,0
128,1.972934556403382,-0.17071606707684983,1,1
129,0.28260586787903913,-0.05358000471793724,1,1
130,-1.135958149362477,0.1693171596502331,0,0
131,0.6548851615929343,-0.24379186695007005,1,1
132,0.08384153375357739,0.048678460445601826,1,1
133,0.9312563227345213,-0.40154128923926186,1,1
134,0.9255507275996641,-0.5692971282268583,1,1
135,0.036250538644958474,-0.35707336228433406,1,1
136,-0.34226444428010416,0.8019035101417433,0,0
137,0.9340978866587302,-0.2727087287167208,0,1
138,0.10335673041966342,0.27484007741469985,1,0
139,1.9195192259518543,-0.22610045039312543,1,1
140,0.8138980358559829,0.4748628495449669,0,0
141,-0.13909597715027366,-0.26840253695926375,1,1
142,-0.20415420853957145,0.19271928328200497,1,0
143,-0.003847198803364838,0.7147155941606069,0,0
144,-0.43897580054240337,0.7457940330532722,0,0
145,-0.9246859575651616,0.6176420889756906,0,0
146,-0.8531819420658282,1.0493177622214374,0,0
147,-0.8036327635321956,0.3974723925597822,0,0
148,0.9111460231571094,0.2857783446213526,0,1
149,1.0330772519398408,0.6048410241836703,0,0
150,0.1144398856844531,1.0284249867602524,0,0
151,1.2384988406254067,0.4628052603368755,0,0
152,-0.5387245911480958,0.4568090347091507,0,0
153,1.3787956874099896,-0.4083212626398238,1,1
154,1.9149197191822402,0.09212772435086541,1,1
155,1.6714908810641975,0.44131299518309663,1,1
156,-1.0164504781087051,0.4449600647346983,0,0
157,-0.6759758239648465,0.8030193646402076,0,0
158,1.7273968673488171,-0.37076206607497103,1,1
159,-1.054451437759476,-0.03017823617905567,0,0
160,0.49793039182695115,0.06484578978505193,1,1
161,1.7326614091695467,0.25594853619434943,1,1
162,0.5325119700332117,-0.3438288789952885,1,1
163,1.7226515262228934,-0.16502595254056934,1,1
164,1.6361228444047786,0.5263271355147705,1,1
165,-0.5303669414691834,0.6829034537060692,0,0
166,-0.5356949555843038,0.6547343254647775,0,0
167,2.208651216884679,0.32672039814151344,1,1
168,-0.8128622937866468,0.6785625633711294,0,0
169,-1.1069303984477583,0.6431130855930749,0,0
170,2.1615275888538656,0.074111533402798,1,1
171,1.1192212410486904,-0.7381738083613483,1,1
172,0.7679517168145917,1.0000629638748681,0,0
173,1.2292159683711992,-0.44728573594035315,1,1
174,-0.9638189961509109,0.22876768546473664,0,0
175,0.8399207166319961,-0.6566113435731146,1,1
176,-0.37492449366162117,0.7665544210370234,0,0
177,0.4000047199669216,-0.004650827613200126,1,1
178,1.558145016898145,-0.2612127609968414,1,1
179,0.5158306721390875,0.6580402855474214,0,0
180,1.253674873738921,-0.6854770528221676,1,1
181,1.8717981677067348,0.7532082425865813,1,0
182,-0.893965503424416,-0.0018313047221061862,0,0
183,-0.2979956344164592,0.8764192457650085,0,0
184,2.0458059554835377,0.2465686164894253,1,1
185,1.8260357002554857,0.015698506443737464,1,1
186,0.8191500886623806,-0.5141909510882862,1,1
187,-1.048763433909596,0.46028036488009094,0,0
188,1.139065532589509,-0.8188178884791961,1,1
189,0.3535077673463033,0.7482797054924074,0,0
190,1.6837847288172965,-0.15450320341595403,1,1
191,1.527983029664756,-0.2337847253711859,1,1
192,-0.6156877493421681,0.5143242511565623,0,0
193,0.8099290768847465,0.22530332141656248,0,1
194,1.2266441244037987,-0.40915492088644734,1,1
195,0.4798306468435236,-0.27771619780670104,1,1
196,0.9365936540604172,-0.32246019637367607,1,1
197,0.4507373366115959,0.7386385962353146,0,0
198,0.6377293220844322,-0.2015775375303901,1,1
199,0.7473008060697028,1.169791359257867,0,0
200,0.51594239872477,-0.34526238319681324,1,1
201,0.2081322300323022,0.3383772411533065,1,0
202,-0.27859105265863465,0.5380895392919101,0,0
203,1.6945328331198797,0.5537756588413589,1,1
204,1.7983997904596538,-0.49272732555631676,1,1
205,0.40276005609205767,0.05729443411713164,1,1
206,1.3209360836553854,-0.43674553547888423,1,1
207,0.04093973650539964,0.34908917538612294,1,0
208,0.010523730464101166,0.5150552747897428,1,0
209,1.9321203533436344,0.13022303635808624,1,1
210,0.7645623487282398,0.6511583571716483,0,0
211,0.16491853832931447,-0.4775635121061838,1,1
212,0.834115102505455,0.1455348015236585,0,1
213,1.9711418771304312,0.1802033898286894,1,1
214,1.7731882251790525,-0.19204913862486728,1,1
215,1.5942995346815052,0.6129160556518847,1,0
216,0.4203353050289268,1.2765047625885626,0,0
217,0.8061298016908762,1.1458579871505337,0,0
218,0.8501312670851373,0.03096317033829027,0,1
219,-0.017991961754828173,-0.1598014394200825,1,1
220,1.4002134900712355,-0.44241236127840283,1,1
221,-0.017103356187448182,0.13413080766150878,1,0
222,1.908956280453455,0.20393589226799508,1,1
223,-0.10369150902879676,1.0424904613962231,0,0
224,-0.7940126716371328,0.6709268382438777,0,0
225,-0.43749814888636185,0.7404559890118678,0,0
226,0.054346810999415296,-0.0567067447304976,1,1
227,-0.14119150340893907,0.2500124841332605,1,0
228,0.7824153471268384,0.18643515484177312,0,1
229,-0.5330424968239581,0.04270786673718707,0,0
230,-0.13012162052707021,0.18667528726425653,1,0
231,-0.26094212672254835,0.8747781433816804,0,0
232,0.07399923750420803,-0.15904921943831263,1,1
233,0.9814464061394845,-0.7112697467528191,1,1
234,0.45125868577937955,0.24625367810835763,0,0
235,0.6414586380727341,0.18959533658721117,0,1
236,0.6573026936633508,-0.25329922548557704,1,1
237,0.5050550251778918,0.7216627750871252,0,0
238,0.8352152562049504,-0.3390940258909676,1,1
239,0.08308440395295874,0.9219979478879402,0,0
240,0.29281528453835964,0.494846244300995,1,0
241,-0.9831859709034809,-0.02050379677578211,0,0
242,0.4952674987485115,1.3354250694228993,0,0
243,-0.8385863618634635,0.6064865949097845,0,0
244,2.089735621132666,0.32834484240944684,1,1
245,-0.924067147630156,0.5153396922938589,0,0
246,-1.057738202442553,0.8850679689583095,0,0
247,0.9409657204277823,0.08662969623803277,0,1
248,-0.6186160920915083,-0.05179014068014903,0,0
249,0.3418066682149881,-0.37362407517132645,1,1
250,0.1918888829829529,0.8691404485946725,0,0
251,0.19844221246413685,-0.3536765838510449,1,1
252,0.890552059936789,0.19643311147626008,0,1
253,2.1399881271728094,0.31170701912128135,1,1
254,0.6081074271360836,0.45804067487372707,0,0
255,1.3401624495206623,-0.9997624330034117,1,1
256,0.37045891531273356,0.09289281532141236,1,1
257,-0.6987550234951019,0.33621311544065335,0,0
258,2.1530318464761438,-0.30743392408007,1,1
259,1.3232795973076605,0.18883219295787895,0,1
260,2.1428541716628464,0.17317636561400676,1,1
261,0.9197681915898914,-0.39129672089930234,1,1
262,-0.7994115016427779,0.5161733403783296,0,0
263,0.9661342331101126,0.8730583852106797,0,0
264,1.69623612828753,-0.4478875089460589,1,1
265,0.3184447855120844,-0.019654396571902016,1,1
266,1.1412188094972584,-0.5075561622496574,1,1
267,-1.342665085974292,-0.18856336648723238,0,0
268,-0.9796817215111439,1.2918246737490116,0,0
269,-0.7879258025313031,0.871308324025668,0,0
270,1.1600071266746763,-0.3694756912673512,1,1
271,-0.08109562623834957,0.1561977085218859,1,0
272,0.8308811927082003,0.48449579416995436,0,0
273,0.576839893764278,1.0028653190539234,0,0
274,0.9446569208667446,-0.28023264206645226,1,1
275,1.7075421534474486,-0.4791442174651661,1,1
276,1.5137488725904886,-0.6131117706301341,1,1
277,-0.22181738179607718,0.353572144014459,1,0
278,-1.1527059602048066,0.2819811863512346,0,0
279,0.25379076316671767,0.7021637752912399,0,0
280,1.9959514302327042,0.5424596791361433,1,1
281,-0.5912648396032479,1.162615850323965,0,0
282,-0.5695242124792003,0.7332957538942029,0,0
283,1.3972777873561553,-0.23370608675255022,1,1
284,1.3993619798828534,-0.25525462954478884,1,1
285,0.9574405589587979,0.3758280997819663,0,0
286,1.7809476639324076,-0.2934221633166064,1,1
287,1.545411537661823,-0.38060200141869827,1,1
288,0.5179580817476949,0.9584089213503286,0,0
289,0.0343335156829174,1.21899545683835,0,0
290,0.22968379204599412,-0.4807428117717289,1,1
291,-0.05994907782931777,0.9769005689428314,0,0
292,0.9131541478204614,-0.46468837986775224,1,1
293,2.395387816129517,0.552779239653161,1,1
294,0.64457612481037,-0.4715795844989651,1,1
295,0.3488160763890172,0.8722804820594529,0,0
296,1.9041207158483406,0.43718263654164463,1,1
297,1.816650517296013,0.27993168863763696,1,1
298,-1.1334247694947193,0.24782842585372383,0,0
299,1.045955348494433,0.07767458428067348,0,1
300,0.9278099770113947,0.7727622094865618,0,0
301,0.5886305690768155,0.6808817860915155,0,0
302,-1.2211981308525228,0.1821666652718965,0,0
303,-0.828954504886601,0.49968026965231344,0,0
304,-0.957474458310961,0.3580137139886264,0,0
305,-0.3167367900896807,0.9821331469380005,0,0
306,1.536098857040094,-0.6521464427418062,1,1
307,2.1024955321909835,-0.2319536081125575,1,1
308,-0.7163795097221705,0.8688517633281223,0,0
309,1.3198607979321837,0.02551100962785624,1,1
310,1.902691067369685,0.1674514787801075,1,1
311,1.7363419758351089,0.3435064507096321,1,1
312,-0.08706031788941754,0.40666443765056326,1,0
313,0.7895913173613845,0.3871241793578778,0,0
314,1.745531421795582,-0.2999568399326753,1,1
315,-0.7440733920468169,0.9477167608288019,0,0
316,-0.8563431369752801,0.5583118676694011,0,0
317,0.013253128007058523,1.0393281185386163,0,0
318,0.8136285816651027,0.08010709591917925,0,1
319,1.1424834770027439,0.45455364172131846,0,0
320,0.43006325416328317,0.7236924258772668,0,0
321,-0.07080941777160003,0.3418662578709538,1,0
322,2.05289373380944,0.2329924450953676,1,1
323,0.5866080715726827,0.6305413653477009,0,0
324,-0.23147642363369642,1.0491304977537053,0,0
325,1.022048616325874,0.5886208236891662,0,0
326,0.8710673834829468,0.5274107976641706,0,0
327,-0.010164648530178481,0.6289819552889011,1,0
328,-0.069441658044302,0.6963433453455962,0,0
329,1.0851849898769648,-0.21377279369737676,1,1
330,1.6341780263605483,-0.44784810088300253,1,1
331,1.3026471438325187,-0.5139850824640716,1,1
332,0.9625200938834786,0.28522983686285475,0,1
333,1.3890570255835362,-0.6256225479394762,1,1
334,1.1378268356762768,0.2341316901534099,0,1
335,-1.2418078491737645,0.31217683291479453,0,0
336,0.5224359745239626,0.7724884474552615,0,0
337,0.31270705892744477,-0.5583348009887189,1,1
338,-0.9248016537079553,0.5362050368312431,0,0
339,0.4768417797658496,-0.892451051685019,1,1
340,1.5952663319901583,0.08733837307396294,1,1
341,-0.9675411718590551,0.20104916821374502,0,0
342,0.7525910524005592,0.9730365586490228,0,0
343,0.7211730650283512,-0.21135313803508915,0,1
344,0.621237219560298,0.49139939384452513,0,0
345,-0.3658435054242424,0.9916275093649893,0,0
346,0.9891399527129661,0.5909077525831646,0,0
347,0.6434417116010245,0.09671890052428095,0,1
348,0.2314088271010788,0.8737203626807917,0,0
349,0.19832695153412908,-0.05042440206471588,1,1
350,0.42236096641205506,0.8307553761432498,0,0
351,0.07609794551805805,-0.2196047742374938,1,1
352,-0.17449179073705107,0.8848403049655188,0,0
353,1.78414185645128,0.07301263438162464,1,1
354,1.5669392046851067,-0.3619154102502979,1,1
355,1.2658643213731833,-0.7315387261623679,1,1
356,-0.46812315760366585,0.9529537376210291,0,0
357,2.151493433309838,0.23354761740086072,1,1
358,1.3835769390176464,-0.46606820627602363,1,1
359,-0.44456618717387925,0.9799825170922163,0,0
360,-0.6854413593847841,0.5244528391859286,0,0
361,0.671405657141949,-0.1838290452645357,0,1
362,0.18492064653909873,1.0686727529672053,0,0
363,-0.7552525879968213,0.7919707281828496,0,0
364,-0.6876632275701786,0.9954957186772095,0,0
365,0.40449929336039037,1.063002362296414,0,0
366,1.8832001314138114,0.28339804691354087,1,1
367,-0.38124796226940977,0.48058804695964275,0,0
368,-0.3674561414342692,0.8177001690895515,0,0
369,-0.4145090468112267,1.2013767864277898,0,0
370,1.989909874366554,-0.003750048810513912,1,1
371,0.2831131016660068,0.8580276402074725,0,0
372,0.3733970974282192,1.0205216555086918,0,0
373,2.029761500263487,0.2973519852239609,1,1
374,0.7207827906375357,0.7328374844942543,0,0
375,-0.07585577064761129,1.0960372218580436,0,0
376,0.8960323488818581,-0.5468582107989173,1,1
377,0.6465066451956725,-0.46745196172226744,1,1
378,-0.44857397641131463,1.01416858175058,0,0
379,0.9997929926725253,0.5214512028437025,0,0
380,0.0019091518254572733,0.18485120556141932,1,0
381,-0.4448924903500485,1.0592255133213182,0,0
382,0.4214661497026219,0.9748513605072636,0,0
383,1.9094898612873432,-0.1678645535030195,1,1
384,0.5685284117494304,0.15140437638419646,1,1
385,1.744216985657557,0.014837822267411642,1,1
386,-0.10459061349792509,-0.4012457336130876,1,1
387,-0.8795327982500821,0.008452778532406668,0,0
388,1.3687365630868968,-0.01392539646222768,0,1
389,0.8803515857348927,-0.636439981859453,1,1
390,1.062859218319325,-0.6086400765699599,1,1
391,-0.10722389197370251,0.9302290918153532,0,0
392,0.038296192965472015,0.8028873133771763,0,0
393,-0.19187259830693515,0.13176896389484188,1,0
394,1.3251827512151695,0.30003823796077533,0,1
395,0.9350011551769313,0.5480928232915941,0,0
396,0.6577625702743572,0.8089999617462549,0,0
397,-0.6067858420059611,1.0528096231494066,0,0
398,1.2056882304617862,-0.026645513120566178,1,1
399,-1.0313498463469666,-0.03460892182831543,0,0
400,0.542039982579245,-0.1366918480290662,1,1
401,0.4513692613700664,0.8829370802755104,0,0
402,0.5253230461839707,-0.599237974043908,1,1
403,-0.6117663433652974,0.6988345506882472,0,0
404,0.2830673700574002,-0.19025796116923363,1,1
405,0.13100647397427867,-0.3350404834901185,1,1
406,0.44753453081062144,0.4432348980701268,0,0
407,-1.3090244050400366,0.15969143467999958,0,0
408,0.3096775412792495,-0.31117477876289934,1,1
409,1.2178960287132936,-0.33921918460801576,1,1
410,1.6235360262803924,-0.26416745907102085,1,1
411,-0.5938153320331515,0.47675133662497576,0,0
412,0.1686238090290771,-0.10036433362878996,1,1
413,1.5784179957138484,0.7514082489998649,1,0
414,-0.3333719705325269,0.932891111225729,0,0
415,0.17969343804126753,0.5233657738027322,0,0
416,0.8474636837795105,0.8030806284290052,0,0
417,0.04366289173157528,0.8840775163506898,0,0
418,0.18865541756953658,0.735908405844693,0,0
419,0.5470793688680307,0.6965710071568609,0,0
420,0.7395748229892234,-0.18267687957244222,1,1
421,1.64790812107533,-0.5982881735518979,1,1
422,-0.754215770466954,0.6153980103131808,0,0
423,0.6602646679907331,-0.8718886527482871,1,1
424,-1.3846493123099242,0.47670807381408453,0,0
425,0.46709528196697053,-0.0983911299624928,1,1
426,1.4394904737052454,-0.23222569199692802,1,1
427,0.6457572156715532,1.12118390327084,0,0
428,-0.8688610946349069,0.311502516602533,0,0
429,0.2901843883107945,-0.08174529707617934,1,1
430,2.051549379101457,0.4766929273620971,1,1
431,0.849778190545085,0.4373438007024201,0,0
432,1.360464633444062,0.2306875100321451,0,1
433,2.1293607668723906,0.04423436739773767,1,1
434,0.4142681831057492,0.7850277899320109,1,0
435,-0.1153644926425968,1.0768392213213156,0,0
436,0.3303690864118,0.8724158871365219,0,0
437,0.36028304709189235,0.7135851014436088,0,0
438,1.0674752020882288,-0.48771020497684636,1,1
439,0.09250853198049627,-0.28826683678817155,1,1
440,0.5581697151513476,-0.5820936630141236,1,1
441,0.3943234332257238,1.1254205069546261,0,0
442,2.0652030632014666,0.12734096067044637,1,1
443,-0.86110905089168,0.6702096372485392,0,0
444,0.708635295668669,0.6247343473639392,0,0
445,0.6735139676775843,-0.8147472885935214,1,1
446,0.86835968615146,-0.4245632641193515,1,1
447,0.053649213153494635,0.7811102896992581,0,0
448,-0.014670470141513403,0.917126399373106,0,0
449,0.3911000111936402,-0.3766903620818426,1,1
450,0.6570707689353094,-0.3872760079949483,1,1
451,1.7761579680426802,-0.1859370478112279,1,1
452,-1.1389701431233734,0.1580950392734411,0,0
453,1.8847671915903133,0.3279560126688273,1,1
454,0.19250947385343153,0.7818076547242421,0,0
455,-0.8735387283007364,0.6927034518624154,0,0
456,1.7204742118843592,-0.06661330082541161,1,1
457,-0.949577866958747,0.1353431929288716,0,0
458,-0.2351096911828682,1.1352416884444736,0,0
459,1.201614722338954,-0.47962788587456984,1,1
460,1.9233851221737446,-0.17254136232281755,1,1
461,0.8292299252839107,-0.27525642110260873,0,1
462,-0.690768167654547,-0.2895929672319047,0,1
463,0.11937312350070246,1.1036857737362948,0,0
464,1.915418280003222,0.10844786787746713,1,1
465,0.9813698353006407,-0.04499884006045256,0,1
466,0.10836503358718888,-0.21431269021844876,1,1
467,-0.11608482488797273,0.2262341280720071,1,0
468,-0.8094831120983386,0.3538801596034234,0,0
469,0.9609123313377976,-0.3723242036091382,1,1
470,1.7821520695404465,-0.1830718513906423,1,1
471,0.4297509290888557,-0.6203285302444453,1,1
472,0.5866088460675519,0.46195467959259706,0,0
473,-0.35395927637674446,0.7994271101502128,0,0
474,-0.06972958627299669,0.3964120055768921,1,0
475,1.0092187361122265,-0.3504947588831451,1,1
476,0.25344094228904623,0.9748053895465134,0,0
477,-0.1815066451602114,0.974197603531658,0,0
478,0.8452588499883429,0.24034501874813266,0,1
479,0.9957577973259899,0.49249544663824996,0,0
480,-0.6647493719296806,1.0935655778689313,0,0
481,0.5735402705314805,-0.042948425661422596,1,1
482,-0.6040028250916969,0.3416757512588283,0,0
483,1.2758920707194308,0.3510834342883967,0,1
484,-0.6540572029751349,0.6283094594940897,0,0
485,-0.23354155454105624,0.20642872174432678,1,0
486,-0.7362093514538337,0.06662388015484078,0,0
487,0.2544957108245694,1.1351930323835557,0,0
488,0.4569910314384736,-0.5059211293127142,1,1
489,-0.06943475085881083,0.37359466823634824,1,0
490,0.12328906858410425,0.0069216706616231916,1,1
491,1.4349243846375237,-0.486550144665164,1,1
492,2.4542864752007527,0.07626304127389102,1,1
493,0.5427998675630796,-0.3670050390307893,1,1
494,0.09098630671602953,0.9766052934506915,0,0
495,0.855594482772642,-0.09172611433585537,1,1
496,-0.05747240176978613,1.074432763145893,0,0
497,-0.7378139615967461,0.9321122255076499,0,0
498,0.42698032440533695,-0.04940197811932545,1,1
499,-0.596875837264874,0.822730041905584,0,0
500,0.4317579726677162,-0.04859711140780634,1,1
501,0.5486661448107373,1.0603678635028708,0,0
502,0.7674806161547695,-0.20847969370814423,1,1
503,-0.7176754129785277,0.46829226415735775,0,0
504,0.4918243583312738,0.9108489293743585,0,0
505,0.13118484563462732,0.5522136235549593,1,0
506,-0.5543956680393071,1.0604054151958093,0,0
507,0.09770838174090775,0.14303760581111835,1,0
508,0.521171519633976,-0.404285622496792,1,1
509,-0.9699588255078447,0.3205250671449369,0,0
510,0.2959708586076875,0.9341648966609456,0,0
511,0.06708915919034572,1.1134102756078403,0,0
512,0.5714140994883116,0.7978201539202577,0,0
513,-1.0032429560999865,0.28988119522465194,0,0
514,0.3252808068392836,-0.27287286318329446,1,1
515,1.6826292709638242,0.16186447886423763,1,1
516,1.658922298105967,-0.7466746302051134,1,1
517,0.31308704901876466,-0.17426155781616245,1,1
518,0.9425175727780084,0.4273005389116423,0,0
519,1.4009523463003886,-0.6981353108760422,1,1
520,-1.134800876561943,-0.0557216569101206,0,0
521,1.1483513722980445,0.5695759008186382,0,0
522,1.1872174677858158,0.3378433472500715,0,1
523,0.5804667588389106,0.08584057068056139,1,1
524,0.8483960644370265,-0.5171488600731289,0,1
525,-0.7120008585259983,0.8752680071160466,0,0
526,-0.3905448919861737,0.2952070679386919,0,0
527,1.4233096783801975,-0.29173034074149795,1,1
528,0.14358098451080056,0.25305026007913545,1,0
529,0.521149709743739,0.7498938957502818,0,0
530,0.41925948477090896,-0.44637465404369464,1,1
531,0.14310602393696806,-0.032047211351995286,1,1
532,0.35690098249483976,0.9845545421925987,0,0
533,-0.5692863318823247,0.958021559263522,0,0
534,0.9011164501280077,0.5920674695583559,0,0
535,0.5167191804911112,-0.5459006627508372,1,1
536,-0.9453324258419413,-0.12016574881109329,0,0
537,-0.041529280546148184,0.8691299260946976,0,0
538,0.8426347371725966,0.6257023320860017,0,0
539,-0.01560997510509795,1.0233527494581665,0,0
540,1.9086540164447392,0.39386153924555933,1,1
541,1.7464969171622013,-0.16265533842999472,1,1
542,0.2693005356275109,-0.2038830271894464,1,1
543,1.2041291363960254,-0.4883989152554394,1,1
544,-0.6610410118822677,0.9677245705127241,0,0
545,1.474969674656682,-0.846925805696409,1,1
546,0.893569127100686,0.2504089528845107,0,1
547,0.42239824260808206,-0.07117690381932285,1,1
548,-0.599381656107651,0.846310025406243,0,0
549,1.712419545687266,-0.15739602369489142,1,1
550,1.442746719663651,-0.040791838070804345,1,1
551,1.0933190093403966,-0.2792721484545471,0,1
552,0.7008093479414836,0.972783854986974,0,0
553,-0.5625925437072568,0.8883662175480523,0,0
554,1.710466762027786,-0.18297790557598437,1,1
555,0.7596670870758212,-0.2789483845590228,1,1
556,1.4507463916783683,-0.028022668809896845,1,1
557,-0.14252720070506852,0.07235269104400115,1,0
558,2.053862063039186,-0.35986998831725114,1,1
559,0.8007838620536673,1.2848648466757646,0,0
560,1.1664594991759432,-0.22929260274000393,1,1
561,-0.4890278212438202,0.9990723224051627,0,0
562,0.44818293264083564,-0.44923177289308425,1,1
563,-0.5844977623861483,0.8200371013654978,0,0
564,-0.7169015536741438,0.4568493193727669,0,0
565,1.8249501919641844,-0.27044397007076887,1,1
566,2.215712851369747,0.20779395269707335,1,1
567,-0.9701239490013883,0.3343752781987923,0,0
568,0.8624943401779404,0.17117653205249467,0,1
569,1.0849892081101786,-0.4276791370009002,1,1
570,-0.6620517949262098,0.37431944144683826,0,0
571,-0.010055580279268894,0.670379875852449,0,0
572,1.0435822717236303,0.8720834699279111,0,0
573,0.07198297215431665,-0.5593329046771993,1,1
574,0.11112187776177881,0.2827248889259091,1,0
575,0.8746491975596773,0.5378479290324457,0,0
576,-0.0823072640326648,0.7373539129851683,0,0
577,0.7153170007727407,-0.41942764961737833,1,1
578,1.405245596832531,-0.431610162460232,1,1
579,0.8783141996073306,1.0511644289372857,0,0
580,1.0626739893156727,-0.15956300502649115,0,1
581,0.02319592706616575,0.27170917368134884,1,0
582,1.557570612979069,-0.18315731410819447,1,1
583,1.1311437255540977,-0.3615350336280439,1,1
584,1.242806463684483,-0.7785974874535979,1,1
585,-1.0092851825274651,0.22159457322545573,0,0
586,0.6287994522454528,-0.5067667095647029,1,1
587,-0.6381860518588118,0.7557102528086238,0,0
588,0.5427032055601413,1.114113621518031,0,0
589,-0.011596100684613073,0.28067301277291845,1,0
590,0.2582409807451481,0.1600537522928759,1,1
591,-0.4364859342294692,0.605863957245435,0,0
592,2.053799708595056,-0.11492189729814078,1,1
593,2.0836222819897006,0.7832323913642867,1,0
594,1.7744587484323973,-0.28005971552286807,1,1
595,1.1599902723488096,0.7604436447478384,0,0
596,-0.6927733198883854,0.5831026780972851,0,0
597,0.03513409128342217,-0.22977054433319122,1,1
598,-0.6368205888868383,-0.16525526185992398,0,1
599,-1.1938723216670475,0.33504165982660017,0,0
600,0.5784901469423631,-0.2903113648712857,1,1
601,0.43416407311460936,-0.4292066697632629,1,1
602,0.08291372423761648,0.12907803601488266,1,1
603,1.383002853827776,-0.42563040334799535,1,1
604,0.5377988405400081,-0.2586048770674289,1,1
605,1.8054921886714754,-0.13144156082318534,1,1
606,-0.5254736122252097,0.8793619434871792,0,0
607,0.6103014896213016,-0.41030783852106306,1,1
608,0.3791341497584637,-0.1315170299912457,1,1
609,0.17433588782557882,0.2695192099381904,1,0
610,0.14586125990573268,0.44100782217146683,0,0
611,-0.30805075657480585,0.9724917075854461,0,0
612,0.7896831963480614,-0.09318296900156253,0,1
613,1.6549449278512662,-0.044067277393319504,1,1
614,2.0494600909908174,0.18457096356693412,1,1
615,-0.8853473036643569,0.06690331496962239,0,0
616,1.1724167717025367,-0.5033217433745399,1,1
617,-0.8690758334024761,0.28923564313139566,0,0
618,0.5704427673573471,-0.33470446994091074,1,1
619,-0.95112194398144,0.7387056746807277,0,0
620,0.20989900783145013,0.29423134342849094,1,0
621,0.440244957360599,-0.22773688595618025,1,1
622,1.9151226625060105,-0.26950942796805943,1,1
623,0.2977674767702858,1.0077056275230691,0,0
624,0.4910553165740961,-0.04144324438954289,1,1
625,-0.05693423868358499,-0.12993137324919202,1,1
626,-0.12678826439624105,1.1072262922146396,0,0
627,-0.7501805507752489,0.4789789591377862,0,0
628,0.6294909395672983,-0.3258301650081013,1,1
629,0.7686210792911844,0.20677650569166883,0,1
630,1.8385823669464187,0.226335200364893,1,1
631,-1.2343844159853263,0.1423939619130099,0,0
632,0.9467367268031037,-0.5987209291652597,1,1
633,0.7576635888004553,-0.5721415316905292,1,1
634,1.8844487256914464,-0.39185802076515613,1,1
635,-0.20940609776712693,0.449768244749755,1,0
636,0.2177913029439638,0.14163091107550083,1,1
637,1.0628616619055,-0.25741148158711846,1,1
638,1.7645028648326344,-0.20714305286933898,1,1
639,0.04214989666404244,0.2977998626534256,1,0
640,1.8446490997933658,-0.2677318122251776,1,1
641,-0.28875699497158513,0.9793015471033071,0,0
642,-0.04219539370798861,1.0465911877402414,0,0
643,-0.6597099845687866,-0.34913553304469935,0,1
644,-0.9183892250162573,0.4247406041922169,0,0
645,0.10237366295096553,1.1379026944118225,0,0
646,0.7269766471866309,0.3156374254116344,0,0
647,0.09402447640869921,-0.10090339251263797,1,1
648,2.090662257478419,0.2557861589369016,1,1
649,0.8014747931384334,-0.16056799998691104,0,1
650,0.47579065523007213,-0.254839252576322,1,1
651,-1.0008373114705724,0.5422542129997043,0,0
652,-0.03310735529813111,-0.08559010855641802,1,1
653,2.259821754295915,0.4342379913152692,1,1
654,0.599844639606349,1.1801628343048627,0,0
655,2.312674036564423,0.30756836462183035,1,1
656,1.8161677528390412,0.3830735888447136,1,1
657,0.93485910369395,-0.3232954651282549,1,1
658,1.0034715978801283,-0.429289553547348,1,1
659,0.2742111251131577,1.1605816431462093,0,0
660,0.4608354302450183,0.9109156357718847,0,0
661,0.2716003419656869,0.10091230590290234,1,1
662,-0.0476343639434819,0.27371198894980137,1,0
663,1.6992593467398218,-0.4916114628011078,1,1
664,0.5156305781017435,0.6536236411347465,0,0
665,0.8890180297261023,0.3473628678540478,0,1
666,1.028147814811502,0.2941441772928103,0,1
667,-0.15875979454197253,0.2207696852252462,1,0
668,1.891381803821602,-0.34145994992346757,1,1
669,1.0664711870833343,-0.027749890432642255,1,1
670,-0.0993310942214895,0.16211843879863497,1,0
671,-0.23158772268913724,0.7623078747870271,0,0
672,-1.2375702228137755,0.19328410484969272,0,0
673,-0.9403468066604415,-0.03306456282038798,0,0
674,2.1929251879112677,0.24387135494455922,1,1
675,-0.8368333748823902,0.5810282457079855,0,0
676,1.1606941397829016,-0.5067404437251135,1,1
677,0.7301290922957935,0.4195385493741237,0,0
678,-1.138307242068764,0.38627302479304515,0,0
679,0.5633365118492865,0.6213332638725478,0,0
680,1.6839389888844207,-0.26612778870788406,1,1
681,1.8445340364943141,-0.04187502867053201,1,1
682,0.5074469747789518,-0.34735574194019714,1,1
683,-0.6061686267526754,0.4651310105063352,0,0
684,0.4245754452504182,-0.7095504671209079,1,1
685,2.0958137703751425,0.4949576390909787,1,1
686,0.977308850536615,-0.6575115667123612,1,1
687,1.006328567186534,-0.47521872832622086,1,1
688,1.9108570772200928,-0.11055930524435571,1,1
689,1.488941304495926,-0.3438873248121348,1,1
690,-0.33398206786144713,0.8559189409162911,0,0
691,0.09199269691853117,0.24676506545049465,1,0
692,-0.8644727360225726,1.056738908409,0,0
693,1.0297391408670926,0.7141550045393796,0,0
694,-0.09675337277382715,0.49513314053600566,1,0
695,0.11950792892759587,0.6094134961642731,1,0
696,-0.8716099091195868,0.9055420883792802,0,0
697,0.17145498497479952,0.797901162929558,0,0
698,1.9855189016503259,-0.04598838463993293,1,1
699,0.4289744885554938,0.7100979298913643,0,0
700,-0.12680696669428493,0.7971123890949071,0,0
701,0.7841666237094438,0.6827618767654839,0,0
702,0.7822474904029457,0.44490980097833094,0,0
703,0.015389419892747728,0.36403183902549585,1,0
704,1.3403024951358697,-0.6846524658937525,1,1
705,2.1579519735047343,0.3311501062503388,1,1
706,0.2616680815363501,0.8569976962117066,0,0
707,0.14674438500133047,1.0975915808537988,0,0
708,-0.6405065016428092,0.9444519109670267,0,0
709,-0.9306354129724339,0.599925111571969,0,0
710,1.2417543247502054,-0.7761327575234094,1,1
711,2.022762627348388,-0.30095216853468976,1,1
712,1.488776570241309,0.05448339280600181,1,1
713,1.3499211047538464,-0.6132919262167202,1,1
714,0.15701695579873118,0.9468674785913216,0,0
715,0.444012988941458,0.8059873811122067,0,0
716,-0.8035906308743063,0.3878234941576862,0,0
717,1.5480587502848497,-0.5306312977411428,1,1
718,-0.07731476033823766,0.6414749736805021,0,0
719,1.5566857672186578,-0.3297209681680302,1,1
720,-0.31513964397063693,0.6978494758891081,0,0
721,1.85272412283591,0.2149407367438948,1,1
722,1.850158770190337,0.68506295110182,1,0
723,-0.11553787251240018,1.3357916245382433,0,0
724,0.23455789087657752,-0.06776001911789678,1,1
725,1.350317522680649,0.425232496279221,0,1
726,0.5167215023620684,1.1151669119445669,0,0
727,1.0646573472890664,0.09184108740176622,0,1
728,-0.3308071435386364,1.268072558307191,0,0
729,0.7539242876035537,0.05684610479078783,0,1
730,2.3397163853083836,0.05265041297692752,1,1
731,0.12627828015580778,1.1749095944763517,0,0
732,-1.2129257654638383,0.6996186274605465,0,0
733,0.8154624789218732,-0.5058468509501965,1,1
734,-0.6083686011826739,0.6498674403846091,0,0
735,0.8517613171898712,-0.4217908849648008,1,1
736,-0.4247838106451262,1.1423590016980958,0,0
737,0.8893510547338092,0.5652623024498359,0,0
738,-0.9827063356144856,0.36149545315276005,0,0
739,0.1151794578098971,-0.0890058312279457,1,1
740,0.2604082623197106,-0.1781657410236054,1,1
741,-0.21252586803395557,0.22510810142840854,1,0
742,1.6077933605487746,-0.27374598004694894,1,1
743,1.2852237185695805,-0.7840117612417036,1,1
744,1.9046228726153382,-0.662021916277912,1,1
745,0.4309513446862602,-0.776971833732071,1,1
746,0.1661000575371198,1.266530884368092,0,0
747,0.20040598120991074,0.03479475386323605,1,1
748,1.3500182239380814,-0.4720409433207903,1,1
749,0.04078281785655913,-0.399660199068865,1,1
750,0.6883259793890173,-0.21602049162468365,1,1
751,1.501271111639238,-0.4644656396595568,1,1
752,-1.048627174286901,0.32307877836179255,0,0
753,0.797227227769612,-0.3627356949216805,1,1
754,0.7691291678504554,0.7937014012490908,0,0
755,0.4133547457471396,1.0559652006740028,0,0
756,0.4579440648646319,-0.15625221422817442,1,1
757,1.4968841523424061,-0.5151001041999382,1,1
758,1.3751990932846223,-0.44096457987670623,1,1
759,1.6318217244018551,-0.4737056582613316,1,1
760,1.0301131710585947,-0.5139920178015616,1,1
761,1.9945228374270656,0.4936093220149361,1,1
762,0.7647618828048813,-0.5207879567209286,1,1
763,0.8463171842872839,-0.5563397552590252,1,1
764,2.136750108871479,-0.25538556774128945,1,1
765,0.38076888755867844,-0.337050725200992,1,1
766,0.08974772369759658,1.0480885602032868,0,0
767,1.3737316497626328,0.3546014908276517,0,1
768,1.359268351841017,0.28977402883334785,0,1
769,-0.6933333175974261,0.8046250006571265,0,0
770,0.012402178026260924,1.0128963492989826,0,0
771,0.8850186640012973,-0.5894269601024108,1,1
772,0.6961452637254081,0.8047296390577354,0,0
773,-0.6107902345330382,1.0103825684671282,0,0
774,0.4331982768951242,0.6022259689594772,0,0
775,0.26135704977047525,1.1736402759627922,0,0
776,0.021401938440917007,0.6893190731704071,0,0
777,-1.1729123944404727,-0.06739650580271878,0,0
778,0.1524662888444585,-0.009420937415126174,1,1
779,-0.05448459152494674,1.1320974024476635,0,0
780,1.7492849815850458,0.28584442754809924,1,1
781,0.1232721792956302,-0.024846994089833298,1,1
782,1.4427165690584867,-0.44931941929424224,1,1
783,2.1843236681841365,-0.04544602519875221,1,1
784,0.24746099849971254,0.7496175913712058,1,0
785,0.4284989151442594,0.5877103466708599,0,0
786,-1.1859466305675959,0.1311517007311147,0,0
787,-0.34923234899962685,0.795435062679153,0,0
788,0.6739253832045099,0.8072948147287371,0,0
789,1.7566513225609524,0.7129982633158208,1,0
790,0.07414996968500978,0.46002063654096903,1,0
791,0.17278552473855874,0.7860408350124518,0,0
792,0.6386830210192832,-0.736936786910526,1,1
793,0.25001670790630215,0.09987743723257375,1,1
794,-1.1705555335947697,0.3399468663122974,0,0
795,0.6790932136129771,0.536333838322575,0,0
796,-0.7594522171296619,0.12121557902226218,0,0
797,1.6887337532103572,0.2778713498058532,0,1
798,1.01168822749563,0.6997980579524438,0,0
799,0.4097573408932931,0.6021778832551209,0,0
800,0.42287117325388224,0.8890529622528494,0,0
801,-0.2579067132391968,0.4655687791187815,1,0
802,0.6135863715913495,-0.2952152927837346,1,1
803,0.31342119199133933,-0.38505889997051057,1,1
804,-0.9534248338459819,0.24745259744648673,0,0
805,0.19848409581894752,-0.2764729223643898,1,1
806,0.712085868856421,0.6714714471432806,0,0
807,0.8705221090015107,-0.6366853622223911,1,1
808,0.19101340099709307,1.2732181643539193,0,0
809,2.080486015190026,0.28667223835993855,1,1
810,-0.38326211582776254,1.0994098927519576,0,0
811,1.7317973601410594,-0.2899820180622792,1,1
812,-0.2912300103302389,1.1992308193569268,0,0
813,-0.8277283121051324,0.2233045193696193,0,0
814,-1.1131433572481377,0.3853386831074917,0,0
815,0.3766907716947401,-0.08668893736846744,1,1
816,0.913554774446575,0.0032481602192608316,0,1
817,-0.5883925926556041,0.9412613886171679,0,0
818,-0.19298309338054415,0.5949321442706774,0,0
819,0.03237765121680233,0.46767836562558496,0,0
820,0.12933575861775662,1.2036113911216075,0,0
821,0.8893795749548175,0.5141859612514906,0,0
822,-0.14834129539585714,0.6904931957189735,1,0
823,1.2576107475854321,-0.3505299170656778,1,1
824,0.32659645444514257,-0.31833746281256675,1,1
825,-0.469907405393165,1.1538319869980609,0,0
826,-0.09539402058869781,1.389348351725845,0,0
827,0.2316359605592325,-0.5431850344540632,1,1
828,2.0969992263287645,0.2707018351967526,1,1
829,-0.9922146959006304,0.3791379905093343,0,0
830,0.46437826533478543,1.0782240299354349,0,0
831,-0.4891916073938726,0.5115774121979719,0,0
832,1.5528437619205855,-0.07155169124133756,1,1
833,1.9833658917106856,0.5893121052550366,1,1
834,-0.118405758715642,1.0680298558648889,0,0
835,0.9151580013858076,-0.30569496030786225,1,1
836,1.9777854944541726,0.18877531447218265,1,1
837,0.4203861486065254,1.227468609464124,0,0
838,0.993778636718562,0.08964980334496808,0,1
839,0.8808405744760147,0.7233676480497415,0,0
840,-0.3921268052495803,1.2724099664112587,0,0
841,1.010901829945614,-0.4761834141375682,1,1
842,1.1255381611564212,0.008274219607165324,0,1
843,0.8724414374404357,-0.10791135583618783,0,1
844,1.156611734657855,0.5940160861731361,0,0
845,1.1476859331595135,-0.502089163821271,1,1
846,1.060641856864568,0.3695190554044394,0,1
847,1.8698988809097599,0.48203131139832106,1,1
848,0.4238116975150581,0.03784012451070623,0,1
849,1.1358111536944198,0.2566321704804873,0,1
850,1.282969719552599,-0.5530903327673127,1,1
851,-1.0651116174434643,0.7482447424319021,0,0
852,-0.15375327986557003,0.1204210836799638,1,0
853,-0.012526291767160191,1.0632912879199052,0,0
854,0.7926228871251482,0.5853337621055597,0,0
855,0.8067160871507428,-0.6792432991169726,1,1
856,0.20810441688288572,-0.21439637755071836,1,1
857,0.808061578847563,0.6357325200137273,0,0
858,0.6246218590779948,-0.40397207016363945,1,1
859,0.16581700576402914,-0.253211534186891,1,1
860,0.9342663726357,0.3792569040671994,0,0
861,-0.7579183445990006,0.5361409117600561,0,0
862,0.8248152188127671,0.607051961293315,0,0
863,0.5621020909869098,-0.21190227953593377,1,1
864,1.1172686092995274,0.3670774543617878,0,1
865,1.7605375962936889,-0.01338347933413725,1,1
866,0.028446817765596825,0.31477743791828033,1,0
867,-0.7083484941670097,0.9182387882946256,0,0
868,-0.023194682056844454,0.7253220587324638,1,0
869,-0.8659171904259725,1.0212087097850375,0,0
870,0.6081795024188932,0.7134040436455964,0,0
871,-0.5622844647017258,0.42444574196774987,0,0
872,0.18928671692369176,-0.1694047521013951,1,1
873,0.08791018450570659,-0.11285910579916854,1,1
874,-0.701059363283319,0.45897326519201337,0,0
875,1.3780557959280884,-0.40772777879489086,1,1
876,1.2339608232099069,-0.2648831747123092,1,1
877,-0.35556309403275055,1.0861168818713132,0,0
878,0.4301663332485989,-0.33069585938678064,1,1
879,-0.01595205543233031,1.5365145078792826,0,0
880,-0.1739585714400106,0.1221022956661974,1,0
881,0.28456775494970926,1.0366477130913325,0,0
882,0.8712630185613974,0.6371585433447989,0,0
883,1.839364419564872,-0.16207009467425565,1,1
884,1.903399025117925,0.19563681902341873,1,1
885,0.5306775036429737,0.6419226491616914,0,0
886,0.12721474745116915,0.08914799321543831,1,1
887,-0.036431855423275816,1.2196943922247143,0,0
888,0.29045934881490465,0.3715965659442032,1,0
889,1.5698541063518887,-0.09002667676719789,1,1
890,-0.8909608866714678,0.5096138713494247,0,0
891,0.8847754957610333,-0.49790910176380265,1,1
892,1.6587970990726215,-0.7355708049687015,1,1
893,0.22075575296628436,0.8972539571326246,0,0
894,0.679143574288181,-0.4661430424318081,1,1
895,0.6235520638300434,0.7657725608793032,0,0
896,1.6294124628727333,0.13884525433637834,1,1
897,0.33583479708899405,1.1334371462402424,0,0
898,1.4965734585692831,-0.18329346704025956,1,1
899,0.583085041407755,0.8026727582948199,0,0
900,1.7933135703062368,0.41168785125552443,1,1
901,0.9500347489700957,0.2296589156131797,0,1
902,1.261279764016922,-0.4302811313814977,1,1
903,-0.39354120591199987,1.203254819683885,0,0
904,0.4521021230759145,0.5560574559677052,0,0
905,0.9384137631913647,0.41886699965583496,0,0
906,0.5200049854226033,-0.5082063125959169,1,1
907,0.3076114591292874,-0.3507125578490738,1,1
908,0.6906045016507857,-0.13036123566389007,1,1
909,-1.1312794601984653,0.28595542413975245,0,0
910,2.009526883197399,-0.25340498783499915,1,1
911,0.7699125197205359,0.35406102447550447,0,0
912,0.7803545121660624,0.9748584638444975,0,0
913,-1.1012038412281977,0.5280559014683431,0,0
914,1.5108384878854344,-0.5851804192494611,1,1
915,0.6308631990237683,0.9678938316601358,0,0
916,1.6690707873190638,-0.023552786431334266,1,1
917,-0.03424019042370463,1.147962656320123,0,0
918,1.1519413954284072,0.35259425710642045,0,1
919,-0.6593965294539321,0.973179497990645,0,0
920,-0.17662864591258176,0.9877901103707594,0,0
921,1.9500724020647973,-0.38094408416104864,1,1
922,2.0891215145812185,0.07357062364778794,1,1
923,-0.80642102977901,0.025238084629632507,0,0
924,1.0637888878921637,0.35931390855257606,0,1
925,0.37633518695610085,0.13742997413771013,1,1
926,-0.8873318702562407,0.782174342508241,0,0
927,-0.35605600990403896,0.8173649771414745,0,0
928,-0.36834751641793706,0.8998169865752543,0,0
929,1.0125200088366255,-0.5127163149820653,1,1
930,-1.1730597131909906,0.15392851327040424,0,0
931,-0.4662695505161586,0.03879570472201002,1,0
932,1.9162038461208921,0.037844538224095225,1,1
933,0.613833400303397,0.7458680127855535,0,0
934,1.8649284180196406,0.3315894058311132,1,1
935,1.9090410409197784,-0.2539545145088212,1,1
936,0.9046919759322534,0.3505979479406581,0,1
937,1.9815536463689438,-0.4248001452460301,1,1
938,0.8440463589629409,0.11566959883377517,0,1
939,0.17326048613341818,0.9830651667983552,0,0
940,1.7324781515923686,-0.40548310315131686,1,1
941,-0.5706609290283937,0.06625008906786178,0,0
942,0.27364319116045965,0.43008311036782154,1,0
943,0.3374973223132618,-0.7404090250537132,1,1
944,0.5956606658412182,0.6134790130298892,0,0
945,0.012579763123984317,0.9493727419154626,0,0
946,1.0152390392259671,-0.31637786748858254,1,1
947,0.09560756656165499,-0.1093054226600696,1,1
948,0.3864441072057439,0.26208256512499273,1,0
949,0.040935660107065286,-0.4705500374417154,1,1
950,0.6440592014745754,-0.6479182125306524,1,1
951,-0.3005578271304812,0.8752859600449177,0,0
952,-0.33557476465668135,0.781515577612823,0,0
953,-0.761254428203681,0.5899256885122095,0,0
954,1.8356567434004067,0.036632191581941295,1,1
955,0.5635085714432483,0.34682306974681326,0,0
956,0.3103487866476251,-0.4034387798329887,1,1
957,1.3857642146108433,-0.47487123144837784,1,1
958,2.0871781441839588,0.4275178973489361,1,1
959,0.37801718278717933,0.6943242193152727,0,0
960,1.0510767262038216,1.0678143294559537,0,0
961,1.6779717324846708,-0.4067998677600428,1,1
962,-1.0347066340837718,0.5083933213617211,0,0
963,-0.8769026504885558,0.5933673877026527,0,0
964,1.8507805324754538,-0.4262007837822215,1,1
965,0.6505545033986594,-0.2913519252405069,1,1
966,1.4385484208475459,-0.5525353395438227,1,1
967,0.5337634757743899,0.8760912457276437,0,0
968,1.8238829439543953,-0.15867533002379874,1,1
969,1.037070233979398,-0.5362113424975049,1,1
970,1.1576255018716854,0.049728069659601026,0,1
971,1.3901331819617937,-0.6777403118935588,1,1
972,0.06505835737103013,0.22147234835019128,1,0
973,0.34846093232218645,0.11981581175039246,1,1
974,1.2778384808740224,-0.3623605564045147,1,1
975,1.811525612247091,0.1643367549077678,1,1
976,0.45799401353777325,0.8848028230453571,0,0
977,1.0624128993502724,0.5084878143656909,0,0
978,0.5262524867499659,0.35671625662438383,1,0
979,-1.0729139475283826,-0.35801402098274704,0,1
980,1.04321831189305,-0.4382253743166433,1,1
981,-0.32222884199588836,1.084556437198601,0,0
982,-0.559117297053437,0.569374659147056,0,0
983,0.06286590026987413,-0.32888506436073106,1,1
984,-1.1025559898422295,-0.1697235885874439,0,0
985,0.763186725844376,0.530497083565899,0,0
986,0.21852917666132515,0.11392337868720923,1,1
987,1.1283210398044459,-0.4856078109785783,1,1
988,0.716475184147999,-0.3051056284402094,1,1
989,-0.11237307998808703,0.7096164333821309,0,0
990,0.7684473397820252,-0.6734940957155563,1,1
991,1.1232075195972648,-0.11014982408569955,0,1
992,-0.7816124158372504,0.8025752279980483,0,0
993,0.711134564610143,-0.7482025663465145,1,1
994,0.7660231189165321,-0.17472381691311833,1,1
995,1.5845497158659423,0.08679066227668958,1,1
996,0.2713258953923358,0.981371552390074,0,0
997,0.3644090858377698,-0.6362269706667187,1,1
998,0.1856873266678613,0.06229271835452878,1,1
999,0.4856156208034468,-0.5328439850239372,1,1
